"id","email","encrypted_password","reset_password_token","reset_password_sent_at","remember_created_at","created_at","updated_at","first_name","last_name","sex","birthday","phones","address","email_confirmed","confirmation_token","confirmation_sent_at","confirmed_at","unconfirmed_email","password_reset_expiry_date","identification_number","userable_type","userable_id","is_admin","preferences","avatar_url"
"1","test@test.com","$2a$12$auM.Bt1vBLYof.P053STUeHrRFKoGsJ2YlgKpYF3DtKhuPilPh9bm",NULL,NULL,NULL,"2024-03-25 18:49:36.81884","2024-03-25 18:49:36.941717","Cathy","Angella","female","{""city"": ""Dschang"", ""date"": ""2023-12-16"", ""country"": ""Senegal""}","{""phone_1"": ""+23757086193"", ""phone_2"": ""+23724893657"", ""landline"": """"}","{""city"": ""Dschang"", ""po_box"": ""218"", ""region"": ""Ouest"", ""street"": ""Quartier 5"", ""country"": ""Mali""}",False,"j14yZcgN24uWhAvHwnc1","2024-03-25 18:49:36.928496",NULL,NULL,NULL,"HVFPRLJIKOUZXS",NULL,NULL,True,"""{}""",NULL
"2","pippo.papperino2@gmail.com","$2a$12$9B9qw5JjWhpk.uJI/iM.1.gyDNEIiyIzEPk2Tm5h0x8Bq7H8Mj5.K",NULL,NULL,NULL,"2024-03-25 19:04:31.269661","2024-03-29 10:11:44.608108","Pippo","Papperino","male","{""city"": ""Douala"", ""date"": ""2021-06-29"", ""country"": ""Cameroon""}","{""phone_1"": ""+39 3271852672"", ""phone_2"": ""+49 15206657219"", ""landline"": """"}","{""city"": ""Tonga"", ""po_box"": ""218"", ""region"": ""West"", ""street"": ""Quartier 5"", ""country"": ""Cameroon""}",False,NULL,NULL,NULL,NULL,NULL,"9M8TH3KJJCZYIZ","Staff","1",False,"{""school_id"": 2}","https://lh3.googleusercontent.com/fife/AGXqzDltPtTVWUGNL1iGQPMYz_gb2OUc0ncf3xm96rRWMuLhZ4P7B4MFE9A5ciwzRh1E_vqvNK7gBFleqdhD-m65NbVWKofzYUPgHY3PQsbowzUK2o2zrh4ae-wfTsitQzDEEdfndolzw2wrU7bPIO0eqOKYDv7W0IeD6kbNNidbFPpbxvPLCGkxTpouaU-aneMXwa-wfjbr8SjB98bdHbxL029hkISCS_U9ty4hbUf4CuxB1ESBD-mnKrexxoNHbE6qtQWhjxYhlHVY47i7XiMDOtWnXvsaBITqFjrszC9NZtxu35V2E_C0i3-N1E2_GANe9zKkJ9XoRMX9vaBKzXSG9jXrlMwYuOgrUjkHky9-e_263o3U_YAjlQmpXhz3hTTPysiGzqcgQHxF9aNuI2pRUdWQ2irOuFQ00oaXawD1MpB89E3EBeowpC9DNtVsrRut6RtG9_u8_zxdaLk1ll0L0KrDFFksio1ASkGb2O_aA7CYWfpaAxQz_-xoFj44w675PnVoTLHswILchMi3SmepmZ4XNYvbAILjGDBH6gRk3fXVMnF9l6peZxIwULVj0UaziO3a0JUx82iXGDSxmLMHmSt1WfV8pY1ADSGXiqsQ4ddrJIkm7Gy8itp1dqgPUSlhhN9hwNuePV229OygRd5m1xEvSyHtTwMoVbjqIWljNVOroDs7JvujrLnWgsP2F2Os47_mi5vGYHnkaGunetfBChixYyuhuRX4yhSFPpQUX-b8WQ71faxk935npx-b_-CgQRHd7bwoVmkMIrJJJdKUu7QHHg5mGCH_WPciAdKXBPa3_gbh8M8eDztyDaO9AHElCWw9fAnO_Vq7FwMf6OQIoYEYMTJ51K4-oSfKXV2Vzax2bQiyo6rDOiuILoBSXrytiOQgelQjP8UoCdWqtnZLHDQtiTwdqUUFIwlFy6tKA1ncVeLeOL3i4uosQlm8iChsktNWbTgbJ_TjeWo0O7i9Hx24eenrdfyF5dRhnxDztI2fSiWe5OsLP9oHoehA3QZ6kpz5TAz3kGX-6GiYb2JFHxOEyYh99Z1CIaCQbjdDvRhK9e5ynQfHE67Cnge7VlCA0emqnCdR-qY77027rKKdtzvm7SdulKQs4WGkZL4RA36T5GT73p3DnMPqm7gi0AOSgLocqB_v2qm0frYpjHutjh-kYhrC88wssXEcgk2bpMgbTR7aZBc-1GST2vljeNdwyxaalYOtZCCJyD0hjWszBV3rEp1QW--306c8fOxTrSMEzfO__dRciwjkrzUaeqBvGsZjKVPFELKvaqXxIoqBG9UlZJQ0kvk1dChVzVHPZX3w224nQ6IU2g29dKaMI1XCBb_6bNE06Na0-gsntjD_S40cUS2TKuRND_h-etuXUeFYChpUtOF4LDDOPqR0a_UHtxXpLur5Gln5d2Psi-EN89ftaPjNnJa2sr1OTlME6WmoAl5garBbuhcHRErXHTtJX0hFFMz-z0itH01aHW2bB_-oyA7fFnM_spl8nCspNkQTS0Q-oc8ZSZNVoY6nL0uNZHFjWMpdzM71zzKqN66JUF3nK7VO49h6d7jKvykkMJgVDOrW_5Powpkbr4amn_w4IG27NHraetaWGmmmabMiOZn22kCr7ms-9GRWq02UDLjbXD8cyUp4bMuP"
"3","solomon@taiwo.com","$2a$12$8tGvenJIJLVSNuKv7yzpQeI9q.E76sdac2cf74SNJQdLpU9/0ICdK",NULL,NULL,NULL,"2024-04-01 15:45:21.533687","2024-04-01 15:45:21.607134","Solomon","Taiwo","male","{""city"": ""Yaounde"", ""date"": ""2023-12-23"", ""country"": ""Mali""}","{""phone_1"": ""+23735941820"", ""phone_2"": ""+23774015329"", ""landline"": """"}","{""city"": ""Yaounde"", ""po_box"": ""218"", ""region"": ""Ouest"", ""street"": ""Quartier 5"", ""country"": ""Senegal""}",False,"EWZBNQP6VR_ADyxxyes2","2024-04-01 15:45:21.59686",NULL,NULL,NULL,"BERKDYIXHGACVP",NULL,NULL,True,"{""school_id"": 3}",NULL
"6","firstname22351.lastname22351@gmail.com","$2a$12$139jjf/HBZKJJHsr2J6ZXuO9Hsjn41JlVp63NhMhhxBreJ7OGWImC",NULL,NULL,NULL,"2024-04-03 18:49:59.499575","2024-04-03 18:49:59.603966","FirstName22351","LastName22351","male","{""city"": ""Douala"", ""date"": ""2021-07-08"", ""country"": ""Cameroon""}","{""phone_1"": ""+39 3271852672"", ""phone_2"": ""+49 15206657219"", ""landline"": """"}","{""city"": ""Tonga"", ""po_box"": ""218"", ""region"": ""West"", ""street"": ""Quartier 5"", ""country"": ""Cameroon""}",False,NULL,NULL,NULL,NULL,NULL,"V7JEHN91LJOWLW","Student","3",False,"{""school_id"": 3}","https://lh3.googleusercontent.com/fife/AGXqzDltPtTVWUGNL1iGQPMYz_gb2OUc0ncf3xm96rRWMuLhZ4P7B4MFE9A5ciwzRh1E_vqvNK7gBFleqdhD-m65NbVWKofzYUPgHY3PQsbowzUK2o2zrh4ae-wfTsitQzDEEdfndolzw2wrU7bPIO0eqOKYDv7W0IeD6kbNNidbFPpbxvPLCGkxTpouaU-aneMXwa-wfjbr8SjB98bdHbxL029hkISCS_U9ty4hbUf4CuxB1ESBD-mnKrexxoNHbE6qtQWhjxYhlHVY47i7XiMDOtWnXvsaBITqFjrszC9NZtxu35V2E_C0i3-N1E2_GANe9zKkJ9XoRMX9vaBKzXSG9jXrlMwYuOgrUjkHky9-e_263o3U_YAjlQmpXhz3hTTPysiGzqcgQHxF9aNuI2pRUdWQ2irOuFQ00oaXawD1MpB89E3EBeowpC9DNtVsrRut6RtG9_u8_zxdaLk1ll0L0KrDFFksio1ASkGb2O_aA7CYWfpaAxQz_-xoFj44w675PnVoTLHswILchMi3SmepmZ4XNYvbAILjGDBH6gRk3fXVMnF9l6peZxIwULVj0UaziO3a0JUx82iXGDSxmLMHmSt1WfV8pY1ADSGXiqsQ4ddrJIkm7Gy8itp1dqgPUSlhhN9hwNuePV229OygRd5m1xEvSyHtTwMoVbjqIWljNVOroDs7JvujrLnWgsP2F2Os47_mi5vGYHnkaGunetfBChixYyuhuRX4yhSFPpQUX-b8WQ71faxk935npx-b_-CgQRHd7bwoVmkMIrJJJdKUu7QHHg5mGCH_WPciAdKXBPa3_gbh8M8eDztyDaO9AHElCWw9fAnO_Vq7FwMf6OQIoYEYMTJ51K4-oSfKXV2Vzax2bQiyo6rDOiuILoBSXrytiOQgelQjP8UoCdWqtnZLHDQtiTwdqUUFIwlFy6tKA1ncVeLeOL3i4uosQlm8iChsktNWbTgbJ_TjeWo0O7i9Hx24eenrdfyF5dRhnxDztI2fSiWe5OsLP9oHoehA3QZ6kpz5TAz3kGX-6GiYb2JFHxOEyYh99Z1CIaCQbjdDvRhK9e5ynQfHE67Cnge7VlCA0emqnCdR-qY77027rKKdtzvm7SdulKQs4WGkZL4RA36T5GT73p3DnMPqm7gi0AOSgLocqB_v2qm0frYpjHutjh-kYhrC88wssXEcgk2bpMgbTR7aZBc-1GST2vljeNdwyxaalYOtZCCJyD0hjWszBV3rEp1QW--306c8fOxTrSMEzfO__dRciwjkrzUaeqBvGsZjKVPFELKvaqXxIoqBG9UlZJQ0kvk1dChVzVHPZX3w224nQ6IU2g29dKaMI1XCBb_6bNE06Na0-gsntjD_S40cUS2TKuRND_h-etuXUeFYChpUtOF4LDDOPqR0a_UHtxXpLur5Gln5d2Psi-EN89ftaPjNnJa2sr1OTlME6WmoAl5garBbuhcHRErXHTtJX0hFFMz-z0itH01aHW2bB_-oyA7fFnM_spl8nCspNkQTS0Q-oc8ZSZNVoY6nL0uNZHFjWMpdzM71zzKqN66JUF3nK7VO49h6d7jKvykkMJgVDOrW_5Powpkbr4amn_w4IG27NHraetaWGmmmabMiOZn22kCr7ms-9GRWq02UDLjbXD8cyUp4bMuP"
"7","firstname27758.lastname27758@gmail.com","$2a$12$xw0XgvpQxbetKGN1HLeeuu4VppuHiorFDKE9ruGYYe/N13BqOnJZ.",NULL,NULL,NULL,"2024-04-03 18:50:00.384699","2024-04-03 18:50:00.408497","FirstName27758","LastName27758","female","{""city"": ""Douala"", ""date"": ""2021-07-08"", ""country"": ""Cameroon""}","{""phone_1"": ""+39 3271852672"", ""phone_2"": ""+49 15206657219"", ""landline"": """"}","{""city"": ""Tonga"", ""po_box"": ""218"", ""region"": ""West"", ""street"": ""Quartier 5"", ""country"": ""Cameroon""}",False,NULL,NULL,NULL,NULL,NULL,"NZPQB7RT9XSUAU","Student","4",False,"{""school_id"": 3}","https://lh3.googleusercontent.com/fife/AGXqzDltPtTVWUGNL1iGQPMYz_gb2OUc0ncf3xm96rRWMuLhZ4P7B4MFE9A5ciwzRh1E_vqvNK7gBFleqdhD-m65NbVWKofzYUPgHY3PQsbowzUK2o2zrh4ae-wfTsitQzDEEdfndolzw2wrU7bPIO0eqOKYDv7W0IeD6kbNNidbFPpbxvPLCGkxTpouaU-aneMXwa-wfjbr8SjB98bdHbxL029hkISCS_U9ty4hbUf4CuxB1ESBD-mnKrexxoNHbE6qtQWhjxYhlHVY47i7XiMDOtWnXvsaBITqFjrszC9NZtxu35V2E_C0i3-N1E2_GANe9zKkJ9XoRMX9vaBKzXSG9jXrlMwYuOgrUjkHky9-e_263o3U_YAjlQmpXhz3hTTPysiGzqcgQHxF9aNuI2pRUdWQ2irOuFQ00oaXawD1MpB89E3EBeowpC9DNtVsrRut6RtG9_u8_zxdaLk1ll0L0KrDFFksio1ASkGb2O_aA7CYWfpaAxQz_-xoFj44w675PnVoTLHswILchMi3SmepmZ4XNYvbAILjGDBH6gRk3fXVMnF9l6peZxIwULVj0UaziO3a0JUx82iXGDSxmLMHmSt1WfV8pY1ADSGXiqsQ4ddrJIkm7Gy8itp1dqgPUSlhhN9hwNuePV229OygRd5m1xEvSyHtTwMoVbjqIWljNVOroDs7JvujrLnWgsP2F2Os47_mi5vGYHnkaGunetfBChixYyuhuRX4yhSFPpQUX-b8WQ71faxk935npx-b_-CgQRHd7bwoVmkMIrJJJdKUu7QHHg5mGCH_WPciAdKXBPa3_gbh8M8eDztyDaO9AHElCWw9fAnO_Vq7FwMf6OQIoYEYMTJ51K4-oSfKXV2Vzax2bQiyo6rDOiuILoBSXrytiOQgelQjP8UoCdWqtnZLHDQtiTwdqUUFIwlFy6tKA1ncVeLeOL3i4uosQlm8iChsktNWbTgbJ_TjeWo0O7i9Hx24eenrdfyF5dRhnxDztI2fSiWe5OsLP9oHoehA3QZ6kpz5TAz3kGX-6GiYb2JFHxOEyYh99Z1CIaCQbjdDvRhK9e5ynQfHE67Cnge7VlCA0emqnCdR-qY77027rKKdtzvm7SdulKQs4WGkZL4RA36T5GT73p3DnMPqm7gi0AOSgLocqB_v2qm0frYpjHutjh-kYhrC88wssXEcgk2bpMgbTR7aZBc-1GST2vljeNdwyxaalYOtZCCJyD0hjWszBV3rEp1QW--306c8fOxTrSMEzfO__dRciwjkrzUaeqBvGsZjKVPFELKvaqXxIoqBG9UlZJQ0kvk1dChVzVHPZX3w224nQ6IU2g29dKaMI1XCBb_6bNE06Na0-gsntjD_S40cUS2TKuRND_h-etuXUeFYChpUtOF4LDDOPqR0a_UHtxXpLur5Gln5d2Psi-EN89ftaPjNnJa2sr1OTlME6WmoAl5garBbuhcHRErXHTtJX0hFFMz-z0itH01aHW2bB_-oyA7fFnM_spl8nCspNkQTS0Q-oc8ZSZNVoY6nL0uNZHFjWMpdzM71zzKqN66JUF3nK7VO49h6d7jKvykkMJgVDOrW_5Powpkbr4amn_w4IG27NHraetaWGmmmabMiOZn22kCr7ms-9GRWq02UDLjbXD8cyUp4bMuP"
"8","firstname32949.lastname32949@gmail.com","$2a$12$4zjewu5Kus8Z5WVlgOHx1OMXAifMmuxuc4qNM0ypSlmxR3BaCzq0.",NULL,NULL,NULL,"2024-04-03 18:50:00.900721","2024-04-03 18:50:00.917036","FirstName32949","LastName32949","male","{""city"": ""Douala"", ""date"": ""2021-07-08"", ""country"": ""Cameroon""}","{""phone_1"": ""+39 3271852672"", ""phone_2"": ""+49 15206657219"", ""landline"": """"}","{""city"": ""Tonga"", ""po_box"": ""218"", ""region"": ""West"", ""street"": ""Quartier 5"", ""country"": ""Cameroon""}",False,NULL,NULL,NULL,NULL,NULL,"UGDP1P5MCKUYTE","Student","5",False,"{""school_id"": 3}","https://lh3.googleusercontent.com/fife/AGXqzDltPtTVWUGNL1iGQPMYz_gb2OUc0ncf3xm96rRWMuLhZ4P7B4MFE9A5ciwzRh1E_vqvNK7gBFleqdhD-m65NbVWKofzYUPgHY3PQsbowzUK2o2zrh4ae-wfTsitQzDEEdfndolzw2wrU7bPIO0eqOKYDv7W0IeD6kbNNidbFPpbxvPLCGkxTpouaU-aneMXwa-wfjbr8SjB98bdHbxL029hkISCS_U9ty4hbUf4CuxB1ESBD-mnKrexxoNHbE6qtQWhjxYhlHVY47i7XiMDOtWnXvsaBITqFjrszC9NZtxu35V2E_C0i3-N1E2_GANe9zKkJ9XoRMX9vaBKzXSG9jXrlMwYuOgrUjkHky9-e_263o3U_YAjlQmpXhz3hTTPysiGzqcgQHxF9aNuI2pRUdWQ2irOuFQ00oaXawD1MpB89E3EBeowpC9DNtVsrRut6RtG9_u8_zxdaLk1ll0L0KrDFFksio1ASkGb2O_aA7CYWfpaAxQz_-xoFj44w675PnVoTLHswILchMi3SmepmZ4XNYvbAILjGDBH6gRk3fXVMnF9l6peZxIwULVj0UaziO3a0JUx82iXGDSxmLMHmSt1WfV8pY1ADSGXiqsQ4ddrJIkm7Gy8itp1dqgPUSlhhN9hwNuePV229OygRd5m1xEvSyHtTwMoVbjqIWljNVOroDs7JvujrLnWgsP2F2Os47_mi5vGYHnkaGunetfBChixYyuhuRX4yhSFPpQUX-b8WQ71faxk935npx-b_-CgQRHd7bwoVmkMIrJJJdKUu7QHHg5mGCH_WPciAdKXBPa3_gbh8M8eDztyDaO9AHElCWw9fAnO_Vq7FwMf6OQIoYEYMTJ51K4-oSfKXV2Vzax2bQiyo6rDOiuILoBSXrytiOQgelQjP8UoCdWqtnZLHDQtiTwdqUUFIwlFy6tKA1ncVeLeOL3i4uosQlm8iChsktNWbTgbJ_TjeWo0O7i9Hx24eenrdfyF5dRhnxDztI2fSiWe5OsLP9oHoehA3QZ6kpz5TAz3kGX-6GiYb2JFHxOEyYh99Z1CIaCQbjdDvRhK9e5ynQfHE67Cnge7VlCA0emqnCdR-qY77027rKKdtzvm7SdulKQs4WGkZL4RA36T5GT73p3DnMPqm7gi0AOSgLocqB_v2qm0frYpjHutjh-kYhrC88wssXEcgk2bpMgbTR7aZBc-1GST2vljeNdwyxaalYOtZCCJyD0hjWszBV3rEp1QW--306c8fOxTrSMEzfO__dRciwjkrzUaeqBvGsZjKVPFELKvaqXxIoqBG9UlZJQ0kvk1dChVzVHPZX3w224nQ6IU2g29dKaMI1XCBb_6bNE06Na0-gsntjD_S40cUS2TKuRND_h-etuXUeFYChpUtOF4LDDOPqR0a_UHtxXpLur5Gln5d2Psi-EN89ftaPjNnJa2sr1OTlME6WmoAl5garBbuhcHRErXHTtJX0hFFMz-z0itH01aHW2bB_-oyA7fFnM_spl8nCspNkQTS0Q-oc8ZSZNVoY6nL0uNZHFjWMpdzM71zzKqN66JUF3nK7VO49h6d7jKvykkMJgVDOrW_5Powpkbr4amn_w4IG27NHraetaWGmmmabMiOZn22kCr7ms-9GRWq02UDLjbXD8cyUp4bMuP"
"9","firstname34124.lastname34124@gmail.com","$2a$12$XOPMfQAZHHThv/681ep6ZOpUyUDdeaSiHk4TGfvvx5aqTn7JQLtiO",NULL,NULL,NULL,"2024-04-03 18:51:34.992415","2024-04-03 18:51:35.092532","FirstName34124","LastName34124","female","{""city"": ""Douala"", ""date"": ""2021-07-08"", ""country"": ""Cameroon""}","{""phone_1"": ""+39 3271852672"", ""phone_2"": ""+49 15206657219"", ""landline"": """"}","{""city"": ""Tonga"", ""po_box"": ""218"", ""region"": ""West"", ""street"": ""Quartier 5"", ""country"": ""Cameroon""}",False,NULL,NULL,NULL,NULL,NULL,"RE8MW8GADPSGL6","Student","6",False,"{""school_id"": 3}","https://lh3.googleusercontent.com/fife/AGXqzDltPtTVWUGNL1iGQPMYz_gb2OUc0ncf3xm96rRWMuLhZ4P7B4MFE9A5ciwzRh1E_vqvNK7gBFleqdhD-m65NbVWKofzYUPgHY3PQsbowzUK2o2zrh4ae-wfTsitQzDEEdfndolzw2wrU7bPIO0eqOKYDv7W0IeD6kbNNidbFPpbxvPLCGkxTpouaU-aneMXwa-wfjbr8SjB98bdHbxL029hkISCS_U9ty4hbUf4CuxB1ESBD-mnKrexxoNHbE6qtQWhjxYhlHVY47i7XiMDOtWnXvsaBITqFjrszC9NZtxu35V2E_C0i3-N1E2_GANe9zKkJ9XoRMX9vaBKzXSG9jXrlMwYuOgrUjkHky9-e_263o3U_YAjlQmpXhz3hTTPysiGzqcgQHxF9aNuI2pRUdWQ2irOuFQ00oaXawD1MpB89E3EBeowpC9DNtVsrRut6RtG9_u8_zxdaLk1ll0L0KrDFFksio1ASkGb2O_aA7CYWfpaAxQz_-xoFj44w675PnVoTLHswILchMi3SmepmZ4XNYvbAILjGDBH6gRk3fXVMnF9l6peZxIwULVj0UaziO3a0JUx82iXGDSxmLMHmSt1WfV8pY1ADSGXiqsQ4ddrJIkm7Gy8itp1dqgPUSlhhN9hwNuePV229OygRd5m1xEvSyHtTwMoVbjqIWljNVOroDs7JvujrLnWgsP2F2Os47_mi5vGYHnkaGunetfBChixYyuhuRX4yhSFPpQUX-b8WQ71faxk935npx-b_-CgQRHd7bwoVmkMIrJJJdKUu7QHHg5mGCH_WPciAdKXBPa3_gbh8M8eDztyDaO9AHElCWw9fAnO_Vq7FwMf6OQIoYEYMTJ51K4-oSfKXV2Vzax2bQiyo6rDOiuILoBSXrytiOQgelQjP8UoCdWqtnZLHDQtiTwdqUUFIwlFy6tKA1ncVeLeOL3i4uosQlm8iChsktNWbTgbJ_TjeWo0O7i9Hx24eenrdfyF5dRhnxDztI2fSiWe5OsLP9oHoehA3QZ6kpz5TAz3kGX-6GiYb2JFHxOEyYh99Z1CIaCQbjdDvRhK9e5ynQfHE67Cnge7VlCA0emqnCdR-qY77027rKKdtzvm7SdulKQs4WGkZL4RA36T5GT73p3DnMPqm7gi0AOSgLocqB_v2qm0frYpjHutjh-kYhrC88wssXEcgk2bpMgbTR7aZBc-1GST2vljeNdwyxaalYOtZCCJyD0hjWszBV3rEp1QW--306c8fOxTrSMEzfO__dRciwjkrzUaeqBvGsZjKVPFELKvaqXxIoqBG9UlZJQ0kvk1dChVzVHPZX3w224nQ6IU2g29dKaMI1XCBb_6bNE06Na0-gsntjD_S40cUS2TKuRND_h-etuXUeFYChpUtOF4LDDOPqR0a_UHtxXpLur5Gln5d2Psi-EN89ftaPjNnJa2sr1OTlME6WmoAl5garBbuhcHRErXHTtJX0hFFMz-z0itH01aHW2bB_-oyA7fFnM_spl8nCspNkQTS0Q-oc8ZSZNVoY6nL0uNZHFjWMpdzM71zzKqN66JUF3nK7VO49h6d7jKvykkMJgVDOrW_5Powpkbr4amn_w4IG27NHraetaWGmmmabMiOZn22kCr7ms-9GRWq02UDLjbXD8cyUp4bMuP"
"10","firstname67268.lastname67268@gmail.com","$2a$12$wNMJAfpP3Qtzis2XEJj.c.i6dQN5P2Tm/UuF9hDWzSCqi8jP.8C5y",NULL,NULL,NULL,"2024-04-03 18:51:35.671201","2024-04-03 18:51:35.699836","FirstName67268","LastName67268","male","{""city"": ""Douala"", ""date"": ""2021-07-08"", ""country"": ""Cameroon""}","{""phone_1"": ""+39 3271852672"", ""phone_2"": ""+49 15206657219"", ""landline"": """"}","{""city"": ""Tonga"", ""po_box"": ""218"", ""region"": ""West"", ""street"": ""Quartier 5"", ""country"": ""Cameroon""}",False,NULL,NULL,NULL,NULL,NULL,"WC0XYSXWYYAHOY","Student","7",False,"{""school_id"": 3}","https://lh3.googleusercontent.com/fife/AGXqzDltPtTVWUGNL1iGQPMYz_gb2OUc0ncf3xm96rRWMuLhZ4P7B4MFE9A5ciwzRh1E_vqvNK7gBFleqdhD-m65NbVWKofzYUPgHY3PQsbowzUK2o2zrh4ae-wfTsitQzDEEdfndolzw2wrU7bPIO0eqOKYDv7W0IeD6kbNNidbFPpbxvPLCGkxTpouaU-aneMXwa-wfjbr8SjB98bdHbxL029hkISCS_U9ty4hbUf4CuxB1ESBD-mnKrexxoNHbE6qtQWhjxYhlHVY47i7XiMDOtWnXvsaBITqFjrszC9NZtxu35V2E_C0i3-N1E2_GANe9zKkJ9XoRMX9vaBKzXSG9jXrlMwYuOgrUjkHky9-e_263o3U_YAjlQmpXhz3hTTPysiGzqcgQHxF9aNuI2pRUdWQ2irOuFQ00oaXawD1MpB89E3EBeowpC9DNtVsrRut6RtG9_u8_zxdaLk1ll0L0KrDFFksio1ASkGb2O_aA7CYWfpaAxQz_-xoFj44w675PnVoTLHswILchMi3SmepmZ4XNYvbAILjGDBH6gRk3fXVMnF9l6peZxIwULVj0UaziO3a0JUx82iXGDSxmLMHmSt1WfV8pY1ADSGXiqsQ4ddrJIkm7Gy8itp1dqgPUSlhhN9hwNuePV229OygRd5m1xEvSyHtTwMoVbjqIWljNVOroDs7JvujrLnWgsP2F2Os47_mi5vGYHnkaGunetfBChixYyuhuRX4yhSFPpQUX-b8WQ71faxk935npx-b_-CgQRHd7bwoVmkMIrJJJdKUu7QHHg5mGCH_WPciAdKXBPa3_gbh8M8eDztyDaO9AHElCWw9fAnO_Vq7FwMf6OQIoYEYMTJ51K4-oSfKXV2Vzax2bQiyo6rDOiuILoBSXrytiOQgelQjP8UoCdWqtnZLHDQtiTwdqUUFIwlFy6tKA1ncVeLeOL3i4uosQlm8iChsktNWbTgbJ_TjeWo0O7i9Hx24eenrdfyF5dRhnxDztI2fSiWe5OsLP9oHoehA3QZ6kpz5TAz3kGX-6GiYb2JFHxOEyYh99Z1CIaCQbjdDvRhK9e5ynQfHE67Cnge7VlCA0emqnCdR-qY77027rKKdtzvm7SdulKQs4WGkZL4RA36T5GT73p3DnMPqm7gi0AOSgLocqB_v2qm0frYpjHutjh-kYhrC88wssXEcgk2bpMgbTR7aZBc-1GST2vljeNdwyxaalYOtZCCJyD0hjWszBV3rEp1QW--306c8fOxTrSMEzfO__dRciwjkrzUaeqBvGsZjKVPFELKvaqXxIoqBG9UlZJQ0kvk1dChVzVHPZX3w224nQ6IU2g29dKaMI1XCBb_6bNE06Na0-gsntjD_S40cUS2TKuRND_h-etuXUeFYChpUtOF4LDDOPqR0a_UHtxXpLur5Gln5d2Psi-EN89ftaPjNnJa2sr1OTlME6WmoAl5garBbuhcHRErXHTtJX0hFFMz-z0itH01aHW2bB_-oyA7fFnM_spl8nCspNkQTS0Q-oc8ZSZNVoY6nL0uNZHFjWMpdzM71zzKqN66JUF3nK7VO49h6d7jKvykkMJgVDOrW_5Powpkbr4amn_w4IG27NHraetaWGmmmabMiOZn22kCr7ms-9GRWq02UDLjbXD8cyUp4bMuP"
"11","firstname24676.lastname24676@gmail.com","$2a$12$5RLXTgxs7wPySJDzrLjSH.D0TC6cI/TSvyXCrkFSCzcmwYcs5V8bO",NULL,NULL,NULL,"2024-04-03 18:51:36.187529","2024-04-03 18:51:36.210374","FirstName24676","LastName24676","female","{""city"": ""Douala"", ""date"": ""2021-07-08"", ""country"": ""Cameroon""}","{""phone_1"": ""+39 3271852672"", ""phone_2"": ""+49 15206657219"", ""landline"": """"}","{""city"": ""Tonga"", ""po_box"": ""218"", ""region"": ""West"", ""street"": ""Quartier 5"", ""country"": ""Cameroon""}",False,NULL,NULL,NULL,NULL,NULL,"NAHKRVBDRYYDCE","Student","8",False,"{""school_id"": 3}","https://lh3.googleusercontent.com/fife/AGXqzDltPtTVWUGNL1iGQPMYz_gb2OUc0ncf3xm96rRWMuLhZ4P7B4MFE9A5ciwzRh1E_vqvNK7gBFleqdhD-m65NbVWKofzYUPgHY3PQsbowzUK2o2zrh4ae-wfTsitQzDEEdfndolzw2wrU7bPIO0eqOKYDv7W0IeD6kbNNidbFPpbxvPLCGkxTpouaU-aneMXwa-wfjbr8SjB98bdHbxL029hkISCS_U9ty4hbUf4CuxB1ESBD-mnKrexxoNHbE6qtQWhjxYhlHVY47i7XiMDOtWnXvsaBITqFjrszC9NZtxu35V2E_C0i3-N1E2_GANe9zKkJ9XoRMX9vaBKzXSG9jXrlMwYuOgrUjkHky9-e_263o3U_YAjlQmpXhz3hTTPysiGzqcgQHxF9aNuI2pRUdWQ2irOuFQ00oaXawD1MpB89E3EBeowpC9DNtVsrRut6RtG9_u8_zxdaLk1ll0L0KrDFFksio1ASkGb2O_aA7CYWfpaAxQz_-xoFj44w675PnVoTLHswILchMi3SmepmZ4XNYvbAILjGDBH6gRk3fXVMnF9l6peZxIwULVj0UaziO3a0JUx82iXGDSxmLMHmSt1WfV8pY1ADSGXiqsQ4ddrJIkm7Gy8itp1dqgPUSlhhN9hwNuePV229OygRd5m1xEvSyHtTwMoVbjqIWljNVOroDs7JvujrLnWgsP2F2Os47_mi5vGYHnkaGunetfBChixYyuhuRX4yhSFPpQUX-b8WQ71faxk935npx-b_-CgQRHd7bwoVmkMIrJJJdKUu7QHHg5mGCH_WPciAdKXBPa3_gbh8M8eDztyDaO9AHElCWw9fAnO_Vq7FwMf6OQIoYEYMTJ51K4-oSfKXV2Vzax2bQiyo6rDOiuILoBSXrytiOQgelQjP8UoCdWqtnZLHDQtiTwdqUUFIwlFy6tKA1ncVeLeOL3i4uosQlm8iChsktNWbTgbJ_TjeWo0O7i9Hx24eenrdfyF5dRhnxDztI2fSiWe5OsLP9oHoehA3QZ6kpz5TAz3kGX-6GiYb2JFHxOEyYh99Z1CIaCQbjdDvRhK9e5ynQfHE67Cnge7VlCA0emqnCdR-qY77027rKKdtzvm7SdulKQs4WGkZL4RA36T5GT73p3DnMPqm7gi0AOSgLocqB_v2qm0frYpjHutjh-kYhrC88wssXEcgk2bpMgbTR7aZBc-1GST2vljeNdwyxaalYOtZCCJyD0hjWszBV3rEp1QW--306c8fOxTrSMEzfO__dRciwjkrzUaeqBvGsZjKVPFELKvaqXxIoqBG9UlZJQ0kvk1dChVzVHPZX3w224nQ6IU2g29dKaMI1XCBb_6bNE06Na0-gsntjD_S40cUS2TKuRND_h-etuXUeFYChpUtOF4LDDOPqR0a_UHtxXpLur5Gln5d2Psi-EN89ftaPjNnJa2sr1OTlME6WmoAl5garBbuhcHRErXHTtJX0hFFMz-z0itH01aHW2bB_-oyA7fFnM_spl8nCspNkQTS0Q-oc8ZSZNVoY6nL0uNZHFjWMpdzM71zzKqN66JUF3nK7VO49h6d7jKvykkMJgVDOrW_5Powpkbr4amn_w4IG27NHraetaWGmmmabMiOZn22kCr7ms-9GRWq02UDLjbXD8cyUp4bMuP"
"12","firstname25847.lastname25847@gmail.com","$2a$12$tC7IVEi4a5jueIGWpeu.8urAAQkaaafVW3EPwOAEwzqSe8zDfuWla",NULL,NULL,NULL,"2024-04-03 18:51:49.215021","2024-04-03 18:51:49.318508","FirstName25847","LastName25847","male","{""city"": ""Douala"", ""date"": ""2021-07-08"", ""country"": ""Cameroon""}","{""phone_1"": ""+39 3271852672"", ""phone_2"": ""+49 15206657219"", ""landline"": """"}","{""city"": ""Tonga"", ""po_box"": ""218"", ""region"": ""West"", ""street"": ""Quartier 5"", ""country"": ""Cameroon""}",False,NULL,NULL,NULL,NULL,NULL,"2XLUGLNFR7YGHF","Student","9",False,"{""school_id"": 3}","https://lh3.googleusercontent.com/fife/AGXqzDltPtTVWUGNL1iGQPMYz_gb2OUc0ncf3xm96rRWMuLhZ4P7B4MFE9A5ciwzRh1E_vqvNK7gBFleqdhD-m65NbVWKofzYUPgHY3PQsbowzUK2o2zrh4ae-wfTsitQzDEEdfndolzw2wrU7bPIO0eqOKYDv7W0IeD6kbNNidbFPpbxvPLCGkxTpouaU-aneMXwa-wfjbr8SjB98bdHbxL029hkISCS_U9ty4hbUf4CuxB1ESBD-mnKrexxoNHbE6qtQWhjxYhlHVY47i7XiMDOtWnXvsaBITqFjrszC9NZtxu35V2E_C0i3-N1E2_GANe9zKkJ9XoRMX9vaBKzXSG9jXrlMwYuOgrUjkHky9-e_263o3U_YAjlQmpXhz3hTTPysiGzqcgQHxF9aNuI2pRUdWQ2irOuFQ00oaXawD1MpB89E3EBeowpC9DNtVsrRut6RtG9_u8_zxdaLk1ll0L0KrDFFksio1ASkGb2O_aA7CYWfpaAxQz_-xoFj44w675PnVoTLHswILchMi3SmepmZ4XNYvbAILjGDBH6gRk3fXVMnF9l6peZxIwULVj0UaziO3a0JUx82iXGDSxmLMHmSt1WfV8pY1ADSGXiqsQ4ddrJIkm7Gy8itp1dqgPUSlhhN9hwNuePV229OygRd5m1xEvSyHtTwMoVbjqIWljNVOroDs7JvujrLnWgsP2F2Os47_mi5vGYHnkaGunetfBChixYyuhuRX4yhSFPpQUX-b8WQ71faxk935npx-b_-CgQRHd7bwoVmkMIrJJJdKUu7QHHg5mGCH_WPciAdKXBPa3_gbh8M8eDztyDaO9AHElCWw9fAnO_Vq7FwMf6OQIoYEYMTJ51K4-oSfKXV2Vzax2bQiyo6rDOiuILoBSXrytiOQgelQjP8UoCdWqtnZLHDQtiTwdqUUFIwlFy6tKA1ncVeLeOL3i4uosQlm8iChsktNWbTgbJ_TjeWo0O7i9Hx24eenrdfyF5dRhnxDztI2fSiWe5OsLP9oHoehA3QZ6kpz5TAz3kGX-6GiYb2JFHxOEyYh99Z1CIaCQbjdDvRhK9e5ynQfHE67Cnge7VlCA0emqnCdR-qY77027rKKdtzvm7SdulKQs4WGkZL4RA36T5GT73p3DnMPqm7gi0AOSgLocqB_v2qm0frYpjHutjh-kYhrC88wssXEcgk2bpMgbTR7aZBc-1GST2vljeNdwyxaalYOtZCCJyD0hjWszBV3rEp1QW--306c8fOxTrSMEzfO__dRciwjkrzUaeqBvGsZjKVPFELKvaqXxIoqBG9UlZJQ0kvk1dChVzVHPZX3w224nQ6IU2g29dKaMI1XCBb_6bNE06Na0-gsntjD_S40cUS2TKuRND_h-etuXUeFYChpUtOF4LDDOPqR0a_UHtxXpLur5Gln5d2Psi-EN89ftaPjNnJa2sr1OTlME6WmoAl5garBbuhcHRErXHTtJX0hFFMz-z0itH01aHW2bB_-oyA7fFnM_spl8nCspNkQTS0Q-oc8ZSZNVoY6nL0uNZHFjWMpdzM71zzKqN66JUF3nK7VO49h6d7jKvykkMJgVDOrW_5Powpkbr4amn_w4IG27NHraetaWGmmmabMiOZn22kCr7ms-9GRWq02UDLjbXD8cyUp4bMuP"
"13","firstname27035.lastname27035@gmail.com","$2a$12$ztcCHORUQYUj1tONXc5L8.OQCQGekqIdseJRjEugt/xKOPmGkbkL.",NULL,NULL,NULL,"2024-04-03 18:51:49.888683","2024-04-03 18:51:49.907371","FirstName27035","LastName27035","female","{""city"": ""Douala"", ""date"": ""2021-07-08"", ""country"": ""Cameroon""}","{""phone_1"": ""+39 3271852672"", ""phone_2"": ""+49 15206657219"", ""landline"": """"}","{""city"": ""Tonga"", ""po_box"": ""218"", ""region"": ""West"", ""street"": ""Quartier 5"", ""country"": ""Cameroon""}",False,NULL,NULL,NULL,NULL,NULL,"1SBR5N0NRFWVKQ","Student","10",False,"{""school_id"": 3}","https://lh3.googleusercontent.com/fife/AGXqzDltPtTVWUGNL1iGQPMYz_gb2OUc0ncf3xm96rRWMuLhZ4P7B4MFE9A5ciwzRh1E_vqvNK7gBFleqdhD-m65NbVWKofzYUPgHY3PQsbowzUK2o2zrh4ae-wfTsitQzDEEdfndolzw2wrU7bPIO0eqOKYDv7W0IeD6kbNNidbFPpbxvPLCGkxTpouaU-aneMXwa-wfjbr8SjB98bdHbxL029hkISCS_U9ty4hbUf4CuxB1ESBD-mnKrexxoNHbE6qtQWhjxYhlHVY47i7XiMDOtWnXvsaBITqFjrszC9NZtxu35V2E_C0i3-N1E2_GANe9zKkJ9XoRMX9vaBKzXSG9jXrlMwYuOgrUjkHky9-e_263o3U_YAjlQmpXhz3hTTPysiGzqcgQHxF9aNuI2pRUdWQ2irOuFQ00oaXawD1MpB89E3EBeowpC9DNtVsrRut6RtG9_u8_zxdaLk1ll0L0KrDFFksio1ASkGb2O_aA7CYWfpaAxQz_-xoFj44w675PnVoTLHswILchMi3SmepmZ4XNYvbAILjGDBH6gRk3fXVMnF9l6peZxIwULVj0UaziO3a0JUx82iXGDSxmLMHmSt1WfV8pY1ADSGXiqsQ4ddrJIkm7Gy8itp1dqgPUSlhhN9hwNuePV229OygRd5m1xEvSyHtTwMoVbjqIWljNVOroDs7JvujrLnWgsP2F2Os47_mi5vGYHnkaGunetfBChixYyuhuRX4yhSFPpQUX-b8WQ71faxk935npx-b_-CgQRHd7bwoVmkMIrJJJdKUu7QHHg5mGCH_WPciAdKXBPa3_gbh8M8eDztyDaO9AHElCWw9fAnO_Vq7FwMf6OQIoYEYMTJ51K4-oSfKXV2Vzax2bQiyo6rDOiuILoBSXrytiOQgelQjP8UoCdWqtnZLHDQtiTwdqUUFIwlFy6tKA1ncVeLeOL3i4uosQlm8iChsktNWbTgbJ_TjeWo0O7i9Hx24eenrdfyF5dRhnxDztI2fSiWe5OsLP9oHoehA3QZ6kpz5TAz3kGX-6GiYb2JFHxOEyYh99Z1CIaCQbjdDvRhK9e5ynQfHE67Cnge7VlCA0emqnCdR-qY77027rKKdtzvm7SdulKQs4WGkZL4RA36T5GT73p3DnMPqm7gi0AOSgLocqB_v2qm0frYpjHutjh-kYhrC88wssXEcgk2bpMgbTR7aZBc-1GST2vljeNdwyxaalYOtZCCJyD0hjWszBV3rEp1QW--306c8fOxTrSMEzfO__dRciwjkrzUaeqBvGsZjKVPFELKvaqXxIoqBG9UlZJQ0kvk1dChVzVHPZX3w224nQ6IU2g29dKaMI1XCBb_6bNE06Na0-gsntjD_S40cUS2TKuRND_h-etuXUeFYChpUtOF4LDDOPqR0a_UHtxXpLur5Gln5d2Psi-EN89ftaPjNnJa2sr1OTlME6WmoAl5garBbuhcHRErXHTtJX0hFFMz-z0itH01aHW2bB_-oyA7fFnM_spl8nCspNkQTS0Q-oc8ZSZNVoY6nL0uNZHFjWMpdzM71zzKqN66JUF3nK7VO49h6d7jKvykkMJgVDOrW_5Powpkbr4amn_w4IG27NHraetaWGmmmabMiOZn22kCr7ms-9GRWq02UDLjbXD8cyUp4bMuP"
"14","firstname94486.lastname94486@gmail.com","$2a$12$xTnsc1HNlrcusINANxar4ut9voWiIAB7eeh7c3p4Gl6ZBK.NbAJl2",NULL,NULL,NULL,"2024-04-03 18:51:50.403055","2024-04-03 18:51:50.423291","FirstName94486","LastName94486","male","{""city"": ""Douala"", ""date"": ""2021-07-08"", ""country"": ""Cameroon""}","{""phone_1"": ""+39 3271852672"", ""phone_2"": ""+49 15206657219"", ""landline"": """"}","{""city"": ""Tonga"", ""po_box"": ""218"", ""region"": ""West"", ""street"": ""Quartier 5"", ""country"": ""Cameroon""}",False,NULL,NULL,NULL,NULL,NULL,"0ASCST58V5R4PU","Student","11",False,"{""school_id"": 3}","https://lh3.googleusercontent.com/fife/AGXqzDltPtTVWUGNL1iGQPMYz_gb2OUc0ncf3xm96rRWMuLhZ4P7B4MFE9A5ciwzRh1E_vqvNK7gBFleqdhD-m65NbVWKofzYUPgHY3PQsbowzUK2o2zrh4ae-wfTsitQzDEEdfndolzw2wrU7bPIO0eqOKYDv7W0IeD6kbNNidbFPpbxvPLCGkxTpouaU-aneMXwa-wfjbr8SjB98bdHbxL029hkISCS_U9ty4hbUf4CuxB1ESBD-mnKrexxoNHbE6qtQWhjxYhlHVY47i7XiMDOtWnXvsaBITqFjrszC9NZtxu35V2E_C0i3-N1E2_GANe9zKkJ9XoRMX9vaBKzXSG9jXrlMwYuOgrUjkHky9-e_263o3U_YAjlQmpXhz3hTTPysiGzqcgQHxF9aNuI2pRUdWQ2irOuFQ00oaXawD1MpB89E3EBeowpC9DNtVsrRut6RtG9_u8_zxdaLk1ll0L0KrDFFksio1ASkGb2O_aA7CYWfpaAxQz_-xoFj44w675PnVoTLHswILchMi3SmepmZ4XNYvbAILjGDBH6gRk3fXVMnF9l6peZxIwULVj0UaziO3a0JUx82iXGDSxmLMHmSt1WfV8pY1ADSGXiqsQ4ddrJIkm7Gy8itp1dqgPUSlhhN9hwNuePV229OygRd5m1xEvSyHtTwMoVbjqIWljNVOroDs7JvujrLnWgsP2F2Os47_mi5vGYHnkaGunetfBChixYyuhuRX4yhSFPpQUX-b8WQ71faxk935npx-b_-CgQRHd7bwoVmkMIrJJJdKUu7QHHg5mGCH_WPciAdKXBPa3_gbh8M8eDztyDaO9AHElCWw9fAnO_Vq7FwMf6OQIoYEYMTJ51K4-oSfKXV2Vzax2bQiyo6rDOiuILoBSXrytiOQgelQjP8UoCdWqtnZLHDQtiTwdqUUFIwlFy6tKA1ncVeLeOL3i4uosQlm8iChsktNWbTgbJ_TjeWo0O7i9Hx24eenrdfyF5dRhnxDztI2fSiWe5OsLP9oHoehA3QZ6kpz5TAz3kGX-6GiYb2JFHxOEyYh99Z1CIaCQbjdDvRhK9e5ynQfHE67Cnge7VlCA0emqnCdR-qY77027rKKdtzvm7SdulKQs4WGkZL4RA36T5GT73p3DnMPqm7gi0AOSgLocqB_v2qm0frYpjHutjh-kYhrC88wssXEcgk2bpMgbTR7aZBc-1GST2vljeNdwyxaalYOtZCCJyD0hjWszBV3rEp1QW--306c8fOxTrSMEzfO__dRciwjkrzUaeqBvGsZjKVPFELKvaqXxIoqBG9UlZJQ0kvk1dChVzVHPZX3w224nQ6IU2g29dKaMI1XCBb_6bNE06Na0-gsntjD_S40cUS2TKuRND_h-etuXUeFYChpUtOF4LDDOPqR0a_UHtxXpLur5Gln5d2Psi-EN89ftaPjNnJa2sr1OTlME6WmoAl5garBbuhcHRErXHTtJX0hFFMz-z0itH01aHW2bB_-oyA7fFnM_spl8nCspNkQTS0Q-oc8ZSZNVoY6nL0uNZHFjWMpdzM71zzKqN66JUF3nK7VO49h6d7jKvykkMJgVDOrW_5Powpkbr4amn_w4IG27NHraetaWGmmmabMiOZn22kCr7ms-9GRWq02UDLjbXD8cyUp4bMuP"
"15","name.last_name@gmail.com","$2a$12$H5V7sQ/ODo1FFz0HzW0e0OG06wGDdUJRVaR1/CZhnpblmd/.uxr9a",NULL,NULL,NULL,"2024-04-03 18:54:33.061229","2024-04-03 18:54:33.168357","FirstName66813","LastName66813","female","{""city"": ""Douala"", ""date"": ""2021-07-08"", ""country"": ""Cameroon""}","{""phone_1"": ""+39 3271852672"", ""phone_2"": ""+49 15206657219"", ""landline"": """"}","{""city"": ""Tonga"", ""po_box"": ""218"", ""region"": ""West"", ""street"": ""Quartier 5"", ""country"": ""Cameroon""}",False,NULL,NULL,NULL,NULL,NULL,"XQXY6JZQ65JAUW","Staff","2",False,"{""school_id"": 3}","https://lh3.googleusercontent.com/fife/AGXqzDltPtTVWUGNL1iGQPMYz_gb2OUc0ncf3xm96rRWMuLhZ4P7B4MFE9A5ciwzRh1E_vqvNK7gBFleqdhD-m65NbVWKofzYUPgHY3PQsbowzUK2o2zrh4ae-wfTsitQzDEEdfndolzw2wrU7bPIO0eqOKYDv7W0IeD6kbNNidbFPpbxvPLCGkxTpouaU-aneMXwa-wfjbr8SjB98bdHbxL029hkISCS_U9ty4hbUf4CuxB1ESBD-mnKrexxoNHbE6qtQWhjxYhlHVY47i7XiMDOtWnXvsaBITqFjrszC9NZtxu35V2E_C0i3-N1E2_GANe9zKkJ9XoRMX9vaBKzXSG9jXrlMwYuOgrUjkHky9-e_263o3U_YAjlQmpXhz3hTTPysiGzqcgQHxF9aNuI2pRUdWQ2irOuFQ00oaXawD1MpB89E3EBeowpC9DNtVsrRut6RtG9_u8_zxdaLk1ll0L0KrDFFksio1ASkGb2O_aA7CYWfpaAxQz_-xoFj44w675PnVoTLHswILchMi3SmepmZ4XNYvbAILjGDBH6gRk3fXVMnF9l6peZxIwULVj0UaziO3a0JUx82iXGDSxmLMHmSt1WfV8pY1ADSGXiqsQ4ddrJIkm7Gy8itp1dqgPUSlhhN9hwNuePV229OygRd5m1xEvSyHtTwMoVbjqIWljNVOroDs7JvujrLnWgsP2F2Os47_mi5vGYHnkaGunetfBChixYyuhuRX4yhSFPpQUX-b8WQ71faxk935npx-b_-CgQRHd7bwoVmkMIrJJJdKUu7QHHg5mGCH_WPciAdKXBPa3_gbh8M8eDztyDaO9AHElCWw9fAnO_Vq7FwMf6OQIoYEYMTJ51K4-oSfKXV2Vzax2bQiyo6rDOiuILoBSXrytiOQgelQjP8UoCdWqtnZLHDQtiTwdqUUFIwlFy6tKA1ncVeLeOL3i4uosQlm8iChsktNWbTgbJ_TjeWo0O7i9Hx24eenrdfyF5dRhnxDztI2fSiWe5OsLP9oHoehA3QZ6kpz5TAz3kGX-6GiYb2JFHxOEyYh99Z1CIaCQbjdDvRhK9e5ynQfHE67Cnge7VlCA0emqnCdR-qY77027rKKdtzvm7SdulKQs4WGkZL4RA36T5GT73p3DnMPqm7gi0AOSgLocqB_v2qm0frYpjHutjh-kYhrC88wssXEcgk2bpMgbTR7aZBc-1GST2vljeNdwyxaalYOtZCCJyD0hjWszBV3rEp1QW--306c8fOxTrSMEzfO__dRciwjkrzUaeqBvGsZjKVPFELKvaqXxIoqBG9UlZJQ0kvk1dChVzVHPZX3w224nQ6IU2g29dKaMI1XCBb_6bNE06Na0-gsntjD_S40cUS2TKuRND_h-etuXUeFYChpUtOF4LDDOPqR0a_UHtxXpLur5Gln5d2Psi-EN89ftaPjNnJa2sr1OTlME6WmoAl5garBbuhcHRErXHTtJX0hFFMz-z0itH01aHW2bB_-oyA7fFnM_spl8nCspNkQTS0Q-oc8ZSZNVoY6nL0uNZHFjWMpdzM71zzKqN66JUF3nK7VO49h6d7jKvykkMJgVDOrW_5Powpkbr4amn_w4IG27NHraetaWGmmmabMiOZn22kCr7ms-9GRWq02UDLjbXD8cyUp4bMuP"
"16","name.last_name1@gmail.com","$2a$12$.wgzjRrad3Tz6HFstzXif.qXmeJrfV56LKQKsnmId6s/2WKqHNKye",NULL,NULL,NULL,"2024-04-03 18:55:12.690513","2024-04-03 18:55:12.775606","FirstName13507","LastName13507","male","{""city"": ""Douala"", ""date"": ""2021-07-08"", ""country"": ""Cameroon""}","{""phone_1"": ""+39 3271852672"", ""phone_2"": ""+49 15206657219"", ""landline"": """"}","{""city"": ""Tonga"", ""po_box"": ""218"", ""region"": ""West"", ""street"": ""Quartier 5"", ""country"": ""Cameroon""}",False,NULL,NULL,NULL,NULL,NULL,"EEEMHQRYSWMN1Z","Staff","3",False,"{""school_id"": 3}","https://lh3.googleusercontent.com/fife/AGXqzDltPtTVWUGNL1iGQPMYz_gb2OUc0ncf3xm96rRWMuLhZ4P7B4MFE9A5ciwzRh1E_vqvNK7gBFleqdhD-m65NbVWKofzYUPgHY3PQsbowzUK2o2zrh4ae-wfTsitQzDEEdfndolzw2wrU7bPIO0eqOKYDv7W0IeD6kbNNidbFPpbxvPLCGkxTpouaU-aneMXwa-wfjbr8SjB98bdHbxL029hkISCS_U9ty4hbUf4CuxB1ESBD-mnKrexxoNHbE6qtQWhjxYhlHVY47i7XiMDOtWnXvsaBITqFjrszC9NZtxu35V2E_C0i3-N1E2_GANe9zKkJ9XoRMX9vaBKzXSG9jXrlMwYuOgrUjkHky9-e_263o3U_YAjlQmpXhz3hTTPysiGzqcgQHxF9aNuI2pRUdWQ2irOuFQ00oaXawD1MpB89E3EBeowpC9DNtVsrRut6RtG9_u8_zxdaLk1ll0L0KrDFFksio1ASkGb2O_aA7CYWfpaAxQz_-xoFj44w675PnVoTLHswILchMi3SmepmZ4XNYvbAILjGDBH6gRk3fXVMnF9l6peZxIwULVj0UaziO3a0JUx82iXGDSxmLMHmSt1WfV8pY1ADSGXiqsQ4ddrJIkm7Gy8itp1dqgPUSlhhN9hwNuePV229OygRd5m1xEvSyHtTwMoVbjqIWljNVOroDs7JvujrLnWgsP2F2Os47_mi5vGYHnkaGunetfBChixYyuhuRX4yhSFPpQUX-b8WQ71faxk935npx-b_-CgQRHd7bwoVmkMIrJJJdKUu7QHHg5mGCH_WPciAdKXBPa3_gbh8M8eDztyDaO9AHElCWw9fAnO_Vq7FwMf6OQIoYEYMTJ51K4-oSfKXV2Vzax2bQiyo6rDOiuILoBSXrytiOQgelQjP8UoCdWqtnZLHDQtiTwdqUUFIwlFy6tKA1ncVeLeOL3i4uosQlm8iChsktNWbTgbJ_TjeWo0O7i9Hx24eenrdfyF5dRhnxDztI2fSiWe5OsLP9oHoehA3QZ6kpz5TAz3kGX-6GiYb2JFHxOEyYh99Z1CIaCQbjdDvRhK9e5ynQfHE67Cnge7VlCA0emqnCdR-qY77027rKKdtzvm7SdulKQs4WGkZL4RA36T5GT73p3DnMPqm7gi0AOSgLocqB_v2qm0frYpjHutjh-kYhrC88wssXEcgk2bpMgbTR7aZBc-1GST2vljeNdwyxaalYOtZCCJyD0hjWszBV3rEp1QW--306c8fOxTrSMEzfO__dRciwjkrzUaeqBvGsZjKVPFELKvaqXxIoqBG9UlZJQ0kvk1dChVzVHPZX3w224nQ6IU2g29dKaMI1XCBb_6bNE06Na0-gsntjD_S40cUS2TKuRND_h-etuXUeFYChpUtOF4LDDOPqR0a_UHtxXpLur5Gln5d2Psi-EN89ftaPjNnJa2sr1OTlME6WmoAl5garBbuhcHRErXHTtJX0hFFMz-z0itH01aHW2bB_-oyA7fFnM_spl8nCspNkQTS0Q-oc8ZSZNVoY6nL0uNZHFjWMpdzM71zzKqN66JUF3nK7VO49h6d7jKvykkMJgVDOrW_5Powpkbr4amn_w4IG27NHraetaWGmmmabMiOZn22kCr7ms-9GRWq02UDLjbXD8cyUp4bMuP"
"17","name.last_name2@gmail.com","$2a$12$BhhbKOFaDBgdhM.5a548wule.WxkqD1H1DfUk/rYyEy3ydeDdp1Yu",NULL,NULL,NULL,"2024-04-03 18:55:32.280496","2024-04-03 18:55:32.358327","FirstName60457","LastName60457","female","{""city"": ""Douala"", ""date"": ""2021-07-08"", ""country"": ""Cameroon""}","{""phone_1"": ""+39 3271852672"", ""phone_2"": ""+49 15206657219"", ""landline"": """"}","{""city"": ""Tonga"", ""po_box"": ""218"", ""region"": ""West"", ""street"": ""Quartier 5"", ""country"": ""Cameroon""}",False,NULL,NULL,NULL,NULL,NULL,"M4N5NML6Z2UKPE","Staff","4",False,"{""school_id"": 3}","https://lh3.googleusercontent.com/fife/AGXqzDltPtTVWUGNL1iGQPMYz_gb2OUc0ncf3xm96rRWMuLhZ4P7B4MFE9A5ciwzRh1E_vqvNK7gBFleqdhD-m65NbVWKofzYUPgHY3PQsbowzUK2o2zrh4ae-wfTsitQzDEEdfndolzw2wrU7bPIO0eqOKYDv7W0IeD6kbNNidbFPpbxvPLCGkxTpouaU-aneMXwa-wfjbr8SjB98bdHbxL029hkISCS_U9ty4hbUf4CuxB1ESBD-mnKrexxoNHbE6qtQWhjxYhlHVY47i7XiMDOtWnXvsaBITqFjrszC9NZtxu35V2E_C0i3-N1E2_GANe9zKkJ9XoRMX9vaBKzXSG9jXrlMwYuOgrUjkHky9-e_263o3U_YAjlQmpXhz3hTTPysiGzqcgQHxF9aNuI2pRUdWQ2irOuFQ00oaXawD1MpB89E3EBeowpC9DNtVsrRut6RtG9_u8_zxdaLk1ll0L0KrDFFksio1ASkGb2O_aA7CYWfpaAxQz_-xoFj44w675PnVoTLHswILchMi3SmepmZ4XNYvbAILjGDBH6gRk3fXVMnF9l6peZxIwULVj0UaziO3a0JUx82iXGDSxmLMHmSt1WfV8pY1ADSGXiqsQ4ddrJIkm7Gy8itp1dqgPUSlhhN9hwNuePV229OygRd5m1xEvSyHtTwMoVbjqIWljNVOroDs7JvujrLnWgsP2F2Os47_mi5vGYHnkaGunetfBChixYyuhuRX4yhSFPpQUX-b8WQ71faxk935npx-b_-CgQRHd7bwoVmkMIrJJJdKUu7QHHg5mGCH_WPciAdKXBPa3_gbh8M8eDztyDaO9AHElCWw9fAnO_Vq7FwMf6OQIoYEYMTJ51K4-oSfKXV2Vzax2bQiyo6rDOiuILoBSXrytiOQgelQjP8UoCdWqtnZLHDQtiTwdqUUFIwlFy6tKA1ncVeLeOL3i4uosQlm8iChsktNWbTgbJ_TjeWo0O7i9Hx24eenrdfyF5dRhnxDztI2fSiWe5OsLP9oHoehA3QZ6kpz5TAz3kGX-6GiYb2JFHxOEyYh99Z1CIaCQbjdDvRhK9e5ynQfHE67Cnge7VlCA0emqnCdR-qY77027rKKdtzvm7SdulKQs4WGkZL4RA36T5GT73p3DnMPqm7gi0AOSgLocqB_v2qm0frYpjHutjh-kYhrC88wssXEcgk2bpMgbTR7aZBc-1GST2vljeNdwyxaalYOtZCCJyD0hjWszBV3rEp1QW--306c8fOxTrSMEzfO__dRciwjkrzUaeqBvGsZjKVPFELKvaqXxIoqBG9UlZJQ0kvk1dChVzVHPZX3w224nQ6IU2g29dKaMI1XCBb_6bNE06Na0-gsntjD_S40cUS2TKuRND_h-etuXUeFYChpUtOF4LDDOPqR0a_UHtxXpLur5Gln5d2Psi-EN89ftaPjNnJa2sr1OTlME6WmoAl5garBbuhcHRErXHTtJX0hFFMz-z0itH01aHW2bB_-oyA7fFnM_spl8nCspNkQTS0Q-oc8ZSZNVoY6nL0uNZHFjWMpdzM71zzKqN66JUF3nK7VO49h6d7jKvykkMJgVDOrW_5Powpkbr4amn_w4IG27NHraetaWGmmmabMiOZn22kCr7ms-9GRWq02UDLjbXD8cyUp4bMuP"
"18","zel9697@gmail.com","$2a$12$CaRHWgTAtzdMOREMe0p.SuhVPwhGy0T9SPQ6YszCiNZtKsRpMAO8u",NULL,NULL,NULL,"2024-04-26 14:30:02.297577","2024-04-26 14:30:02.609776","Prova","Provolone","Male","{""city"": ""mantova"", ""date"": ""01/01/2000"", ""country"": ""IT""}","{""phone_1"": ""+39123456789"", ""phone_2"": null, ""landline"": null}","{""city"": ""san benedetto po"", ""po_box"": null, ""region"": ""MN"", ""street"": ""Via delle Vie, 10"", ""country"": ""IT""}",False,"cb5dJeWz8uMNgueY89zo","2024-04-26 14:30:02.599173",NULL,NULL,NULL,"01PR01PR00MAIT","Staff","5",False,"""{}""",NULL
